danceability,energy,key,loudness,mode,speechiness,acousticness,instrumentalness,liveness,valence,tempo,type,id,uri,track_href,analysis_url,duration_ms,time_signature,name,preview_url
0.788,0.616,9,-10.671,0,0.0337,0.00286,0.549,0.0952,0.696,119.037,audio_features,0dEIca2nhcxDUV8C5QkPYb,spotify:track:0dEIca2nhcxDUV8C5QkPYb,https://api.spotify.com/v1/tracks/0dEIca2nhcxDUV8C5QkPYb,https://api.spotify.com/v1/audio-analysis/0dEIca2nhcxDUV8C5QkPYb,275387,4,Give Life Back to Music,https://p.scdn.co/mp3-preview/29c9a5d90d26a12c9dd360aabc1d23b1d6435242?cid=572fe7cf75b545aaa2ec3c3ad360d5b1
0.712,0.5,9,-11.948,0,0.0338,0.825,0.314,0.106,0.682,90.039,audio_features,3ctALmweZBapfBdFiIVpji,spotify:track:3ctALmweZBapfBdFiIVpji,https://api.spotify.com/v1/tracks/3ctALmweZBapfBdFiIVpji,https://api.spotify.com/v1/audio-analysis/3ctALmweZBapfBdFiIVpji,322147,4,The Game of Love,https://p.scdn.co/mp3-preview/1e5a670489a065dfac8bb58b8e27106ebd6b8e29?cid=572fe7cf75b545aaa2ec3c3ad360d5b1
0.74,0.682,9,-10.42,0,0.0504,0.0692,0.53,0.381,0.41,113.201,audio_features,0oks4FnzhNp5QPTZtoet7c,spotify:track:0oks4FnzhNp5QPTZtoet7c,https://api.spotify.com/v1/tracks/0oks4FnzhNp5QPTZtoet7c,https://api.spotify.com/v1/audio-analysis/0oks4FnzhNp5QPTZtoet7c,544627,4,Giorgio by Moroder,https://p.scdn.co/mp3-preview/534cabcdaafed760cb64f02c45eee6ca5e8e9b3e?cid=572fe7cf75b545aaa2ec3c3ad360d5b1
0.702,0.297,10,-14.116,0,0.0317,0.894,0.485,0.103,0.0676,110.116,audio_features,7Bxv0WL7UC6WwQpk9TzdMJ,spotify:track:7Bxv0WL7UC6WwQpk9TzdMJ,https://api.spotify.com/v1/tracks/7Bxv0WL7UC6WwQpk9TzdMJ,https://api.spotify.com/v1/audio-analysis/7Bxv0WL7UC6WwQpk9TzdMJ,228507,4,Within,https://p.scdn.co/mp3-preview/5e6d91adada11bca669d801169952267604b9097?cid=572fe7cf75b545aaa2ec3c3ad360d5b1
0.775,0.585,10,-9.516,0,0.0271,0.0422,0.619,0.077,0.518,109.942,audio_features,2cGxRwrMyEAp8dEbuZaVv6,spotify:track:2cGxRwrMyEAp8dEbuZaVv6,https://api.spotify.com/v1/tracks/2cGxRwrMyEAp8dEbuZaVv6,https://api.spotify.com/v1/audio-analysis/2cGxRwrMyEAp8dEbuZaVv6,337560,4,Instant Crush (feat. Julian Casablancas),https://p.scdn.co/mp3-preview/df572a412d8737b2579169fd8b58786a8c8f2f2d?cid=572fe7cf75b545aaa2ec3c3ad360d5b1
0.832,0.659,10,-7.828,0,0.057,0.0839,0.00114,0.0753,0.674,100.163,audio_features,5CMjjywI0eZMixPeqNd75R,spotify:track:5CMjjywI0eZMixPeqNd75R,https://api.spotify.com/v1/tracks/5CMjjywI0eZMixPeqNd75R,https://api.spotify.com/v1/audio-analysis/5CMjjywI0eZMixPeqNd75R,353893,4,Lose Yourself to Dance (feat. Pharrell Williams),https://p.scdn.co/mp3-preview/24e8d6ba5f91d46782dc44ca9eb44db18b1fc897?cid=572fe7cf75b545aaa2ec3c3ad360d5b1
0.29,0.412,6,-12.659,0,0.0458,0.477,0.0839,0.079,0.12,90.539,audio_features,7oaEjLP2dTJLJsITbAxTOz,spotify:track:7oaEjLP2dTJLJsITbAxTOz,https://api.spotify.com/v1/tracks/7oaEjLP2dTJLJsITbAxTOz,https://api.spotify.com/v1/audio-analysis/7oaEjLP2dTJLJsITbAxTOz,498960,4,Touch (feat. Paul Williams),https://p.scdn.co/mp3-preview/1469e37ce94e41d93a6e3777d313d5cb172d4dbc?cid=572fe7cf75b545aaa2ec3c3ad360d5b1
0.81,0.793,6,-9.404,0,0.0403,0.0378,1.82e-06,0.072,0.863,116.049,audio_features,69kOkLUCkxIZYexIgSG8rq,spotify:track:69kOkLUCkxIZYexIgSG8rq,https://api.spotify.com/v1/tracks/69kOkLUCkxIZYexIgSG8rq,https://api.spotify.com/v1/audio-analysis/69kOkLUCkxIZYexIgSG8rq,369627,4,Get Lucky (feat. Pharrell Williams & Nile Rodgers),https://p.scdn.co/mp3-preview/28c1195dcc64c65223ed1f439886d50f4ded7ba6?cid=572fe7cf75b545aaa2ec3c3ad360d5b1
0.716,0.648,8,-11.33,0,0.0337,0.367,0.485,0.368,0.789,104.022,audio_features,0k1xMUwn9sb7bZiqdT9ygx,spotify:track:0k1xMUwn9sb7bZiqdT9ygx,https://api.spotify.com/v1/tracks/0k1xMUwn9sb7bZiqdT9ygx,https://api.spotify.com/v1/audio-analysis/0k1xMUwn9sb7bZiqdT9ygx,290240,4,Beyond,https://p.scdn.co/mp3-preview/cbea5e9ee5d06392321d3536f3e5af57d82e5d8b?cid=572fe7cf75b545aaa2ec3c3ad360d5b1
0.548,0.707,4,-14.902,0,0.0352,0.512,0.922,0.105,0.284,103.009,audio_features,79koEJRtKOOGJ0VSAF3FMk,spotify:track:79koEJRtKOOGJ0VSAF3FMk,https://api.spotify.com/v1/tracks/79koEJRtKOOGJ0VSAF3FMk,https://api.spotify.com/v1/audio-analysis/79koEJRtKOOGJ0VSAF3FMk,341653,4,Motherboard,https://p.scdn.co/mp3-preview/ef0433b191bf290a8f0d236f94713297745f129a?cid=572fe7cf75b545aaa2ec3c3ad360d5b1
0.807,0.51,0,-9.729,1,0.0433,0.041,0.115,0.104,0.961,130.118,audio_features,0IedgQjjJ8Ad4B3UDQ5Lyn,spotify:track:0IedgQjjJ8Ad4B3UDQ5Lyn,https://api.spotify.com/v1/tracks/0IedgQjjJ8Ad4B3UDQ5Lyn,https://api.spotify.com/v1/audio-analysis/0IedgQjjJ8Ad4B3UDQ5Lyn,279773,4,Fragments of Time (feat. Todd Edwards),https://p.scdn.co/mp3-preview/ad92e2df9ff31966724938c6b0021914eb53d486?cid=572fe7cf75b545aaa2ec3c3ad360d5b1
0.804,0.451,6,-8.207,1,0.0949,0.388,2.17e-05,0.0924,0.19,178.061,audio_features,36c4JohayB9qd64eidQMBi,spotify:track:36c4JohayB9qd64eidQMBi,https://api.spotify.com/v1/tracks/36c4JohayB9qd64eidQMBi,https://api.spotify.com/v1/audio-analysis/36c4JohayB9qd64eidQMBi,251293,4,Doin' it Right (feat. Panda Bear),https://p.scdn.co/mp3-preview/009b72b43f6462c954d37501fe54439f37f2ef59?cid=572fe7cf75b545aaa2ec3c3ad360d5b1
0.4,0.756,11,-8.423,0,0.0492,0.00282,0.753,0.0695,0.0924,123.828,audio_features,2KHRENHQzTIQ001nlP9Gdc,spotify:track:2KHRENHQzTIQ001nlP9Gdc,https://api.spotify.com/v1/tracks/2KHRENHQzTIQ001nlP9Gdc,https://api.spotify.com/v1/audio-analysis/2KHRENHQzTIQ001nlP9Gdc,383627,4,Contact,https://p.scdn.co/mp3-preview/c081a8ebb90dc43a114e505b012b4e68c88e7f3b?cid=572fe7cf75b545aaa2ec3c3ad360d5b1
0.608,0.725,0,-4.367,1,0.342,0.00139,0.0546,0.0802,0.802,136.251,audio_features,3aCKAkMx3yfaj3AO5Gz47e,spotify:track:3aCKAkMx3yfaj3AO5Gz47e,https://api.spotify.com/v1/tracks/3aCKAkMx3yfaj3AO5Gz47e,https://api.spotify.com/v1/audio-analysis/3aCKAkMx3yfaj3AO5Gz47e,319880,4,Human After All,https://p.scdn.co/mp3-preview/d52d1c91b90f8815af6fc2c9fb7d29c6c19164c7?cid=572fe7cf75b545aaa2ec3c3ad360d5b1
0.503,0.507,9,-7.243,1,0.181,4.51e-05,0.514,0.288,0.0987,128.606,audio_features,0UZRFYMoz9xmeE2AQUhTDl,spotify:track:0UZRFYMoz9xmeE2AQUhTDl,https://api.spotify.com/v1/tracks/0UZRFYMoz9xmeE2AQUhTDl,https://api.spotify.com/v1/audio-analysis/0UZRFYMoz9xmeE2AQUhTDl,263240,4,The Prime Time of Your Life,https://p.scdn.co/mp3-preview/6fcd729b0f4f5caae23796fba083f71e9565490b?cid=572fe7cf75b545aaa2ec3c3ad360d5b1
0.59,0.787,7,-5.766,1,0.0512,6.94e-06,0.845,0.0293,0.598,111.926,audio_features,7LL40F6YdZgeiQ6en1c7Lk,spotify:track:7LL40F6YdZgeiQ6en1c7Lk,https://api.spotify.com/v1/tracks/7LL40F6YdZgeiQ6en1c7Lk,https://api.spotify.com/v1/audio-analysis/7LL40F6YdZgeiQ6en1c7Lk,287720,4,Robot Rock,https://p.scdn.co/mp3-preview/9ec3a52390ff23aeb2ce125591839ef16be18abb?cid=572fe7cf75b545aaa2ec3c3ad360d5b1
0.518,0.745,11,-6.787,0,0.212,5.07e-05,0.802,0.229,0.549,92.07,audio_features,60HSQkYSlJVtdRdHgzRsXz,spotify:track:60HSQkYSlJVtdRdHgzRsXz,https://api.spotify.com/v1/tracks/60HSQkYSlJVtdRdHgzRsXz,https://api.spotify.com/v1/audio-analysis/60HSQkYSlJVtdRdHgzRsXz,321187,4,Steam Machine,https://p.scdn.co/mp3-preview/2e87f9f17db837e0dd91eb5ce410e6d0a4cac624?cid=572fe7cf75b545aaa2ec3c3ad360d5b1
0.697,0.548,1,-9.087,1,0.0561,0.783,0.841,0.132,0.977,133.005,audio_features,4ABWPP59ItFKykdaDF09K5,spotify:track:4ABWPP59ItFKykdaDF09K5,https://api.spotify.com/v1/tracks/4ABWPP59ItFKykdaDF09K5,https://api.spotify.com/v1/audio-analysis/4ABWPP59ItFKykdaDF09K5,289680,4,Make Love,https://p.scdn.co/mp3-preview/bde6c79c759bd1ec25f5fc2b9d84c1e73d81d2e8?cid=572fe7cf75b545aaa2ec3c3ad360d5b1
0.531,0.894,6,-5.435,0,0.0466,1.36e-05,0.837,0.0742,0.0382,119.708,audio_features,73MAeHX5sqLYfuYclsrvHc,spotify:track:73MAeHX5sqLYfuYclsrvHc,https://api.spotify.com/v1/tracks/73MAeHX5sqLYfuYclsrvHc,https://api.spotify.com/v1/audio-analysis/73MAeHX5sqLYfuYclsrvHc,248400,4,The Brainwasher,https://p.scdn.co/mp3-preview/d04ded0ccf12ae632a990d53c8faf44bbaa0f36f?cid=572fe7cf75b545aaa2ec3c3ad360d5b1
0.597,0.54,8,-15.07,1,0.425,0.974,1.26e-05,0.953,0.93,67.443,audio_features,3dWxT7lAv6lmXEW2AEZyPQ,spotify:track:3dWxT7lAv6lmXEW2AEZyPQ,https://api.spotify.com/v1/tracks/3dWxT7lAv6lmXEW2AEZyPQ,https://api.spotify.com/v1/audio-analysis/3dWxT7lAv6lmXEW2AEZyPQ,19200,1,On / Off,
0.702,0.567,7,-5.468,1,0.0897,6.04e-06,0.706,0.1,0.705,115.316,audio_features,37M8nuFfSrlKfTR0AAp7gK,spotify:track:37M8nuFfSrlKfTR0AAp7gK,https://api.spotify.com/v1/tracks/37M8nuFfSrlKfTR0AAp7gK,https://api.spotify.com/v1/audio-analysis/37M8nuFfSrlKfTR0AAp7gK,287840,4,Television Rules the Nation,https://p.scdn.co/mp3-preview/7d4f28d771a4db5712cd448079d65f2f9f876bbc?cid=572fe7cf75b545aaa2ec3c3ad360d5b1
0.812,0.516,9,-6.963,1,0.224,0.000369,1.09e-05,0.0991,0.633,127.498,audio_features,1iNeZGJsoC0D7ZyJTdIbDS,spotify:track:1iNeZGJsoC0D7ZyJTdIbDS,https://api.spotify.com/v1/tracks/1iNeZGJsoC0D7ZyJTdIbDS,https://api.spotify.com/v1/audio-analysis/1iNeZGJsoC0D7ZyJTdIbDS,284280,4,Technologic,https://p.scdn.co/mp3-preview/98082cb0bca21980e3c1d851c33a5e7ffd914c37?cid=572fe7cf75b545aaa2ec3c3ad360d5b1
0.344,0.613,7,-6.881,1,0.0369,0.000555,0.232,0.192,0.053,98.305,audio_features,0Dezmoeb373GNcYBjLVAMH,spotify:track:0Dezmoeb373GNcYBjLVAMH,https://api.spotify.com/v1/tracks/0Dezmoeb373GNcYBjLVAMH,https://api.spotify.com/v1/audio-analysis/0Dezmoeb373GNcYBjLVAMH,417320,4,Emotion,https://p.scdn.co/mp3-preview/caa306be77396b8a9df1e7ae407247c3f00d48f8?cid=572fe7cf75b545aaa2ec3c3ad360d5b1
0.611,0.697,2,-8.618,1,0.133,0.0193,0.0,0.332,0.476,122.752,audio_features,0DiWol3AO6WpXZgp0goxAV,spotify:track:0DiWol3AO6WpXZgp0goxAV,https://api.spotify.com/v1/tracks/0DiWol3AO6WpXZgp0goxAV,https://api.spotify.com/v1/audio-analysis/0DiWol3AO6WpXZgp0goxAV,320357,4,One More Time,https://p.scdn.co/mp3-preview/c27897e8eb4c0910e052c9beb6711432f3630879?cid=572fe7cf75b545aaa2ec3c3ad360d5b1
0.624,0.911,7,-7.482,1,0.0524,0.328,0.861,0.0727,0.135,122.902,audio_features,3H3cOQ6LBLSvmcaV7QkZEu,spotify:track:3H3cOQ6LBLSvmcaV7QkZEu,https://api.spotify.com/v1/tracks/3H3cOQ6LBLSvmcaV7QkZEu,https://api.spotify.com/v1/audio-analysis/3H3cOQ6LBLSvmcaV7QkZEu,212547,4,Aerodynamic,https://p.scdn.co/mp3-preview/0b465e3af69726333fa83664251f18c315147404?cid=572fe7cf75b545aaa2ec3c3ad360d5b1
0.644,0.664,9,-8.398,1,0.0333,0.0481,0.862,0.342,0.53,124.726,audio_features,2VEZx7NWsZ1D0eJ4uv5Fym,spotify:track:2VEZx7NWsZ1D0eJ4uv5Fym,https://api.spotify.com/v1/tracks/2VEZx7NWsZ1D0eJ4uv5Fym,https://api.spotify.com/v1/audio-analysis/2VEZx7NWsZ1D0eJ4uv5Fym,301373,4,Digital Love,https://p.scdn.co/mp3-preview/7079f6d7bc465f71971454808d5039b35bd3fd2f?cid=572fe7cf75b545aaa2ec3c3ad360d5b1
0.817,0.716,6,-8.898,0,0.144,0.0427,0.00263,0.358,0.692,123.475,audio_features,5W3cjX2J3tjhG8zb6u0qHn,spotify:track:5W3cjX2J3tjhG8zb6u0qHn,https://api.spotify.com/v1/tracks/5W3cjX2J3tjhG8zb6u0qHn,https://api.spotify.com/v1/audio-analysis/5W3cjX2J3tjhG8zb6u0qHn,224693,4,"Harder, Better, Faster, Stronger",https://p.scdn.co/mp3-preview/92a04c7c0e96bf93a1b1b1cae7dfff1921969a7b?cid=572fe7cf75b545aaa2ec3c3ad360d5b1
0.696,0.75,5,-8.503,0,0.0721,0.0035,0.922,0.0889,0.937,124.048,audio_features,6vuPZX9fWESg5js2JFTQRJ,spotify:track:6vuPZX9fWESg5js2JFTQRJ,https://api.spotify.com/v1/tracks/6vuPZX9fWESg5js2JFTQRJ,https://api.spotify.com/v1/audio-analysis/6vuPZX9fWESg5js2JFTQRJ,211640,4,Crescendolls,https://p.scdn.co/mp3-preview/fee6c10c066c9c0082d933f38b9c0df538268ea3?cid=572fe7cf75b545aaa2ec3c3ad360d5b1
0.491,0.186,0,-29.512,1,0.0321,0.845,0.916,0.109,0.457,119.881,audio_features,63JXZZRbmzooashakb0zbu,spotify:track:63JXZZRbmzooashakb0zbu,https://api.spotify.com/v1/tracks/63JXZZRbmzooashakb0zbu,https://api.spotify.com/v1/audio-analysis/63JXZZRbmzooashakb0zbu,104467,4,Nightvision,https://p.scdn.co/mp3-preview/85079b86f79e7633be355f9bdf3457d1dcd506cf?cid=572fe7cf75b545aaa2ec3c3ad360d5b1
0.619,0.739,11,-8.204,0,0.0792,0.00405,0.00346,0.102,0.675,140.875,audio_features,186hvCTyrni4KT9nwIQ7zS,spotify:track:186hvCTyrni4KT9nwIQ7zS,https://api.spotify.com/v1/tracks/186hvCTyrni4KT9nwIQ7zS,https://api.spotify.com/v1/audio-analysis/186hvCTyrni4KT9nwIQ7zS,237800,4,Superheroes,https://p.scdn.co/mp3-preview/4cd9e3e37f094b7aa832ae0af470e35c75c0e141?cid=572fe7cf75b545aaa2ec3c3ad360d5b1
0.653,0.869,8,-9.393,1,0.216,0.00445,0.398,0.334,0.515,125.202,audio_features,098ttCNmncrO4YvqWUNMvn,spotify:track:098ttCNmncrO4YvqWUNMvn,https://api.spotify.com/v1/tracks/098ttCNmncrO4YvqWUNMvn,https://api.spotify.com/v1/audio-analysis/098ttCNmncrO4YvqWUNMvn,201800,4,High Life,https://p.scdn.co/mp3-preview/3f20f5c316447f6e20715af9521185d73d6d0305?cid=572fe7cf75b545aaa2ec3c3ad360d5b1
0.875,0.475,9,-12.673,0,0.0986,0.44,0.72,0.046,0.384,99.958,audio_features,1NeLwFETswx8Fzxl2AFl91,spotify:track:1NeLwFETswx8Fzxl2AFl91,https://api.spotify.com/v1/tracks/1NeLwFETswx8Fzxl2AFl91,https://api.spotify.com/v1/audio-analysis/1NeLwFETswx8Fzxl2AFl91,232667,4,Something About Us,https://p.scdn.co/mp3-preview/a375c0a23d437a92c225a058d83d355b42042a89?cid=572fe7cf75b545aaa2ec3c3ad360d5b1
0.669,0.743,7,-11.488,1,0.0494,0.282,0.803,0.309,0.279,119.882,audio_features,7cMFjxhbXBpOlais7KMF3j,spotify:track:7cMFjxhbXBpOlais7KMF3j,https://api.spotify.com/v1/tracks/7cMFjxhbXBpOlais7KMF3j,https://api.spotify.com/v1/audio-analysis/7cMFjxhbXBpOlais7KMF3j,227867,4,Voyager,https://p.scdn.co/mp3-preview/48d1a1cb5f02271cad36696f1686a95bf9884e21?cid=572fe7cf75b545aaa2ec3c3ad360d5b1
0.604,0.687,9,-13.928,0,0.045,0.479,0.95,0.104,0.119,106.896,audio_features,2LD2gT7gwAurzdQDQtILds,spotify:track:2LD2gT7gwAurzdQDQtILds,https://api.spotify.com/v1/tracks/2LD2gT7gwAurzdQDQtILds,https://api.spotify.com/v1/audio-analysis/2LD2gT7gwAurzdQDQtILds,345187,4,Veridis Quo,https://p.scdn.co/mp3-preview/9b0e7ed1306cba5da22f4b963510b4c030567206?cid=572fe7cf75b545aaa2ec3c3ad360d5b1
0.535,0.558,6,-10.756,1,0.0741,0.00461,0.824,0.0821,0.215,109.69,audio_features,4npMbTuxrUA3Wd7edACZ2L,spotify:track:4npMbTuxrUA3Wd7edACZ2L,https://api.spotify.com/v1/tracks/4npMbTuxrUA3Wd7edACZ2L,https://api.spotify.com/v1/audio-analysis/4npMbTuxrUA3Wd7edACZ2L,206867,4,Short Circuit,https://p.scdn.co/mp3-preview/2fd203d83e1c43c87a131b57148098433380fc48?cid=572fe7cf75b545aaa2ec3c3ad360d5b1
0.874,0.437,1,-10.234,0,0.0706,0.00135,0.0296,0.0293,0.963,117.79,audio_features,7v9Q0dAb9t7h8gJOkcJHay,spotify:track:7v9Q0dAb9t7h8gJOkcJHay,https://api.spotify.com/v1/tracks/7v9Q0dAb9t7h8gJOkcJHay,https://api.spotify.com/v1/audio-analysis/7v9Q0dAb9t7h8gJOkcJHay,240173,4,Face to Face,https://p.scdn.co/mp3-preview/0e9237cb3b1a1bcd5fc8e7d152708c8fbb57dffd?cid=572fe7cf75b545aaa2ec3c3ad360d5b1
0.691,0.582,5,-10.165,0,0.301,0.00212,0.0,0.177,0.512,127.02,audio_features,3zMvotMEQK3xvH01vA9wAP,spotify:track:3zMvotMEQK3xvH01vA9wAP,https://api.spotify.com/v1/tracks/3zMvotMEQK3xvH01vA9wAP,https://api.spotify.com/v1/audio-analysis/3zMvotMEQK3xvH01vA9wAP,600293,4,Too Long,https://p.scdn.co/mp3-preview/67c477800a27566cb8dc210b92b431f86ab2bf05?cid=572fe7cf75b545aaa2ec3c3ad360d5b1
0.883,0.743,5,-8.418,0,0.162,0.00695,0.796,0.0936,0.336,111.019,audio_features,7fYIXtdOUl8WqXAqQGyIHQ,spotify:track:7fYIXtdOUl8WqXAqQGyIHQ,https://api.spotify.com/v1/tracks/7fYIXtdOUl8WqXAqQGyIHQ,https://api.spotify.com/v1/audio-analysis/7fYIXtdOUl8WqXAqQGyIHQ,164560,4,Daftendirekt,https://p.scdn.co/mp3-preview/70034bf1e9526ed8274ff0b09dc06f489ae37967?cid=572fe7cf75b545aaa2ec3c3ad360d5b1
0.856,0.569,1,-5.916,1,0.206,0.00492,0.0353,0.474,0.919,110.943,audio_features,7dTWkvPOPgbGuMk4HDxNpY,spotify:track:7dTWkvPOPgbGuMk4HDxNpY,https://api.spotify.com/v1/tracks/7dTWkvPOPgbGuMk4HDxNpY,https://api.spotify.com/v1/audio-analysis/7dTWkvPOPgbGuMk4HDxNpY,28333,4,WDPK 83.7 FM,
0.745,0.716,11,-7.918,1,0.136,0.0265,0.846,0.246,0.828,126.527,audio_features,5pgZpHqfv4TSomtkfGZGrG,spotify:track:5pgZpHqfv4TSomtkfGZGrG,https://api.spotify.com/v1/tracks/5pgZpHqfv4TSomtkfGZGrG,https://api.spotify.com/v1/audio-analysis/5pgZpHqfv4TSomtkfGZGrG,335027,4,Revolution 909,https://p.scdn.co/mp3-preview/be564acd1df0541e238bbce55375896a1f8c0204?cid=572fe7cf75b545aaa2ec3c3ad360d5b1
0.806,0.7,0,-5.269,0,0.0752,0.00196,0.891,0.267,0.892,111.215,audio_features,0MyY4WcN7DIfbSmp5yej5z,spotify:track:0MyY4WcN7DIfbSmp5yej5z,https://api.spotify.com/v1/tracks/0MyY4WcN7DIfbSmp5yej5z,https://api.spotify.com/v1/audio-analysis/0MyY4WcN7DIfbSmp5yej5z,328680,4,Da Funk,https://p.scdn.co/mp3-preview/b17c3e133675a0a5e387b323f68daa5a37ffd66b?cid=572fe7cf75b545aaa2ec3c3ad360d5b1
0.804,0.719,7,-8.207,1,0.0835,1.91e-05,0.926,0.0847,0.569,126.874,audio_features,6nQy5XEEEJKu8FE1FS2Wbt,spotify:track:6nQy5XEEEJKu8FE1FS2Wbt,https://api.spotify.com/v1/tracks/6nQy5XEEEJKu8FE1FS2Wbt,https://api.spotify.com/v1/audio-analysis/6nQy5XEEEJKu8FE1FS2Wbt,297107,4,Phoenix,https://p.scdn.co/mp3-preview/f9af94364ebc3c8d0ff7221790a698e91ef4c901?cid=572fe7cf75b545aaa2ec3c3ad360d5b1
0.503,0.952,1,-9.308,1,0.572,0.268,0.272,0.875,0.174,126.345,audio_features,78H72MElkOY9cRnaudxZFY,spotify:track:78H72MElkOY9cRnaudxZFY,https://api.spotify.com/v1/tracks/78H72MElkOY9cRnaudxZFY,https://api.spotify.com/v1/audio-analysis/78H72MElkOY9cRnaudxZFY,244400,4,Fresh,https://p.scdn.co/mp3-preview/47916fe186e130d7fe4f524a8c795706d3ce104c?cid=572fe7cf75b545aaa2ec3c3ad360d5b1
0.956,0.795,7,-5.311,1,0.15,0.00356,0.889,0.0906,0.841,121.294,audio_features,1pKYYY0dkg23sQQXi0Q5zN,spotify:track:1pKYYY0dkg23sQQXi0Q5zN,https://api.spotify.com/v1/tracks/1pKYYY0dkg23sQQXi0Q5zN,https://api.spotify.com/v1/audio-analysis/1pKYYY0dkg23sQQXi0Q5zN,429533,4,Around the World,https://p.scdn.co/mp3-preview/6abb7faeef25296b79498738dbbfc398700944dc?cid=572fe7cf75b545aaa2ec3c3ad360d5b1
0.822,0.791,1,-4.87,1,0.0414,0.00108,0.621,0.0567,0.21,130.059,audio_features,6hgBJPTHoDJyxydmtFWHKf,spotify:track:6hgBJPTHoDJyxydmtFWHKf,https://api.spotify.com/v1/tracks/6hgBJPTHoDJyxydmtFWHKf,https://api.spotify.com/v1/audio-analysis/6hgBJPTHoDJyxydmtFWHKf,448627,4,Rollin' & Scratchin',https://p.scdn.co/mp3-preview/3b6b140e0b84d3c044d886acb31b9c0242779950?cid=572fe7cf75b545aaa2ec3c3ad360d5b1
0.98,0.486,6,-7.31,1,0.251,0.03,0.823,0.0995,0.823,123.206,audio_features,4ZdjCuiWBv2weLftWPJ72c,spotify:track:4ZdjCuiWBv2weLftWPJ72c,https://api.spotify.com/v1/tracks/4ZdjCuiWBv2weLftWPJ72c,https://api.spotify.com/v1/audio-analysis/4ZdjCuiWBv2weLftWPJ72c,173493,4,Teachers,https://p.scdn.co/mp3-preview/a325286816a373a68090563b4d194c6241ed214a?cid=572fe7cf75b545aaa2ec3c3ad360d5b1
0.799,0.66,11,-8.829,0,0.175,0.000996,0.446,0.313,0.391,125.909,audio_features,63ZAmhkAV6Kaw955ohbEsN,spotify:track:63ZAmhkAV6Kaw955ohbEsN,https://api.spotify.com/v1/tracks/63ZAmhkAV6Kaw955ohbEsN,https://api.spotify.com/v1/audio-analysis/63ZAmhkAV6Kaw955ohbEsN,362467,4,High Fidelity,https://p.scdn.co/mp3-preview/740b8465dc8d138ca5eef7b9bef8403e1f1a47b7?cid=572fe7cf75b545aaa2ec3c3ad360d5b1
0.955,0.899,1,-7.599,1,0.273,0.0171,0.64,0.0642,0.331,134.941,audio_features,1nluqUxDKnwWyScYVeQHXa,spotify:track:1nluqUxDKnwWyScYVeQHXa,https://api.spotify.com/v1/tracks/1nluqUxDKnwWyScYVeQHXa,https://api.spotify.com/v1/audio-analysis/1nluqUxDKnwWyScYVeQHXa,453867,4,Rock'n Roll,https://p.scdn.co/mp3-preview/0624e464059e658cf7053dbdb68741a97a8525f8?cid=572fe7cf75b545aaa2ec3c3ad360d5b1
0.602,0.309,8,-8.396,1,0.352,0.0706,0.294,0.0895,0.559,176.704,audio_features,3Pm4jgrXCu0W7gTqyrlR4F,spotify:track:3Pm4jgrXCu0W7gTqyrlR4F,https://api.spotify.com/v1/tracks/3Pm4jgrXCu0W7gTqyrlR4F,https://api.spotify.com/v1/audio-analysis/3Pm4jgrXCu0W7gTqyrlR4F,121200,5,Oh Yeah,https://p.scdn.co/mp3-preview/c2cd72cf299ec9890201184d9bc5e8721aa6ae6e?cid=572fe7cf75b545aaa2ec3c3ad360d5b1
0.87,0.875,6,-8.501,0,0.205,0.192,0.357,0.0804,0.715,124.298,audio_features,6nSOhDfZOulWp0pnEHFrnn,spotify:track:6nSOhDfZOulWp0pnEHFrnn,https://api.spotify.com/v1/tracks/6nSOhDfZOulWp0pnEHFrnn,https://api.spotify.com/v1/audio-analysis/6nSOhDfZOulWp0pnEHFrnn,414173,4,Burnin',https://p.scdn.co/mp3-preview/147cd050bcdf4806e944ca712616472659ec22b0?cid=572fe7cf75b545aaa2ec3c3ad360d5b1
0.886,0.847,11,-8.296,1,0.1,0.0888,0.937,0.087,0.443,126.163,audio_features,4jF8GAMRCOenL17cNnBDI0,spotify:track:4jF8GAMRCOenL17cNnBDI0,https://api.spotify.com/v1/tracks/4jF8GAMRCOenL17cNnBDI0,https://api.spotify.com/v1/audio-analysis/4jF8GAMRCOenL17cNnBDI0,274733,4,Indo Silver Club,https://p.scdn.co/mp3-preview/f78d841fcf4a72c7eddf07161982d97afe56619b?cid=572fe7cf75b545aaa2ec3c3ad360d5b1
0.723,0.716,3,-6.407,0,0.0437,5.42e-05,0.905,0.072,0.0748,128.701,audio_features,1PH5Es89c1cENU8WVuWwbp,spotify:track:1PH5Es89c1cENU8WVuWwbp,https://api.spotify.com/v1/tracks/1PH5Es89c1cENU8WVuWwbp,https://api.spotify.com/v1/audio-analysis/1PH5Es89c1cENU8WVuWwbp,316253,4,Alive,https://p.scdn.co/mp3-preview/ed2116d5ce6401c3f7a233fa935de248e8108159?cid=572fe7cf75b545aaa2ec3c3ad360d5b1
0.724,0.783,7,-8.958,1,0.176,0.00021,0.49,0.295,0.3,111.833,audio_features,0cjavaamK4gxP9iZYw5I2X,spotify:track:0cjavaamK4gxP9iZYw5I2X,https://api.spotify.com/v1/tracks/0cjavaamK4gxP9iZYw5I2X,https://api.spotify.com/v1/audio-analysis/0cjavaamK4gxP9iZYw5I2X,51400,4,Funk Ad,https://p.scdn.co/mp3-preview/b42adaae38e873d29be1c58c60b534f40647380b?cid=572fe7cf75b545aaa2ec3c3ad360d5b1
